<configuration>
  <appender name="STDERR" class="ch.qos.logback.core.ConsoleAppender">
    <withJansi>${log.color:-false}</withJansi>
    <target>System.err</target>
    <filter class="ch.qos.logback.classic.filter.ThresholdFilter">
      <level>INFO</level>
    </filter>
    <encoder>
      <pattern>%highlight(%-5level) %cyan(%logger{24}) - %msg%n</pattern>
    </encoder>
  </appender>

  <appender name="LOGFILE" class="ch.qos.logback.core.FileAppender">
    <file>${log.file:-charity-web.log}</file>
    <append>false</append>
    <encoder>
      <pattern>%date{HH:mm:ss.SS} [%thread] %-5level %logger - %msg%n%ex</pattern>
    </encoder>
  </appender>

  <!-- <logger name="org.eclipse.jetty" level="info"/>
  <logger name="spark" level="info"/> -->

  <root level="debug">
    <appender-ref ref="STDERR"/>
    <appender-ref ref="LOGFILE"/>
  </root>
</configuration>